[
  {
    "id": "b8df14f7-973e-43da-9655-fe253e047c39",
    "data": [
      {
        "text": "I want to make an ",
        "userDefined": false
      },
      {
        "text": "appointment",
        "meta": "@DonorServiceType",
        "alias": "donorservicetype",
        "userDefined": false
      }
    ],
    "isTemplate": false,
    "count": 0,
    "lang": "en",
    "updated": 0
  },
  {
    "id": "1a4ff926-7bc2-47cc-943f-7a7f6cf5b0b8",
    "data": [
      {
        "text": "I want to ",
        "userDefined": false
      },
      {
        "text": "donate blood",
        "meta": "@DonorServiceType",
        "alias": "donorservicetype",
        "userDefined": false
      }
    ],
    "isTemplate": false,
    "count": 0,
    "lang": "en",
    "updated": 0
  },
  {
    "id": "6df32185-d750-44c6-aa0c-2c3b5440f212",
    "data": [
      {
        "text": "Schedule a blood donation",
        "meta": "@DonorServiceType",
        "alias": "donorservicetype",
        "userDefined": true
      },
      {
        "text": " on ",
        "userDefined": false
      },
      {
        "text": "May 10",
        "meta": "@sys.date",
        "alias": "date",
        "userDefined": true
      }
    ],
    "isTemplate": false,
    "count": 0,
    "lang": "en",
    "updated": 0
  },
  {
    "id": "831e63f2-41ee-4df6-a46e-f887ede3f9cb",
    "data": [
      {
        "text": "I want to ",
        "userDefined": false
      },
      {
        "text": "donate blood",
        "meta": "@DonorServiceType",
        "alias": "donorservicetype",
        "userDefined": false
      },
      {
        "text": " ",
        "userDefined": false
      },
      {
        "text": "tomorrow",
        "meta": "@sys.date",
        "alias": "date",
        "userDefined": false
      },
      {
        "text": " at ",
        "userDefined": false
      },
      {
        "text": "10 am",
        "meta": "@sys.time",
        "alias": "time",
        "userDefined": true
      }
    ],
    "isTemplate": false,
    "count": 0,
    "lang": "en",
    "updated": 0
  },
  {
    "id": "7d8c3516-63a5-4f94-b98a-b1fce2fd8fa0",
    "data": [
      {
        "text": "I want to schedule ",
        "userDefined": false
      },
      {
        "text": "a",
        "meta": "@sys.ignore",
        "userDefined": false
      },
      {
        "text": " ",
        "userDefined": false
      },
      {
        "text": "donation appointment",
        "meta": "@DonorServiceType",
        "alias": "donorservicetype",
        "userDefined": false
      },
      {
        "text": " for ",
        "userDefined": false
      },
      {
        "text": "Wednesday",
        "meta": "@sys.date",
        "alias": "date",
        "userDefined": false
      },
      {
        "text": " at ",
        "userDefined": false
      },
      {
        "text": "3 PM",
        "meta": "@sys.time",
        "alias": "time",
        "userDefined": true
      }
    ],
    "isTemplate": false,
    "count": 0,
    "lang": "en",
    "updated": 0
  }
]