[
  {
    "id": "87b1c762-f65f-4b4d-b2fb-0436f0f80ee7",
    "data": [
      {
        "text": "request blood",
        "meta": "@HealthWorkerServiceType",
        "alias": "HealthWorkerServiceType",
        "userDefined": false
      }
    ],
    "isTemplate": false,
    "count": 0,
    "lang": "en",
    "updated": 0
  },
  {
    "id": "23cca804-fa2f-42e6-9ca0-1eaf8ccad02c",
    "data": [
      {
        "text": "I need ",
        "userDefined": false
      },
      {
        "text": "4",
        "meta": "@sys.number",
        "alias": "number",
        "userDefined": false
      },
      {
        "text": " donors with type",
        "userDefined": false
      },
      {
        "text": " A",
        "meta": "@BloodType",
        "alias": "bloodtype",
        "userDefined": true
      },
      {
        "text": " blood",
        "userDefined": false
      }
    ],
    "isTemplate": false,
    "count": 0,
    "lang": "en",
    "updated": 0
  },
  {
    "id": "8110942a-9c23-45fb-bd4e-3498e9f789f2",
    "data": [
      {
        "text": "I need to ",
        "userDefined": false
      },
      {
        "text": "request blood",
        "meta": "@HealthWorkerServiceType",
        "alias": "HealthWorkerServiceType",
        "userDefined": true
      }
    ],
    "isTemplate": false,
    "count": 0,
    "lang": "en",
    "updated": 0
  },
  {
    "id": "f69010c0-0027-4c72-b8f9-6653201ef472",
    "data": [
      {
        "text": "6 donors with type ",
        "userDefined": false
      },
      {
        "text": "O positive",
        "meta": "@BloodType",
        "alias": "bloodtype",
        "userDefined": false
      },
      {
        "text": " blood please",
        "userDefined": false
      }
    ],
    "isTemplate": false,
    "count": 0,
    "lang": "en",
    "updated": 0
  },
  {
    "id": "9fb39940-c99c-465f-8c5a-9874a34e16f5",
    "data": [
      {
        "text": "get ",
        "userDefined": false
      },
      {
        "text": "10",
        "meta": "@sys.number",
        "alias": "number",
        "userDefined": false
      },
      {
        "text": " people with type ",
        "userDefined": false
      },
      {
        "text": "O",
        "meta": "@BloodType",
        "alias": "bloodtype",
        "userDefined": false
      },
      {
        "text": " blood",
        "userDefined": false
      }
    ],
    "isTemplate": false,
    "count": 0,
    "lang": "en",
    "updated": 0
  },
  {
    "id": "c15b58ca-31c4-413b-9754-92e33e7915bd",
    "data": [
      {
        "text": "I need ",
        "userDefined": false
      },
      {
        "text": "4",
        "meta": "@sys.number",
        "alias": "number",
        "userDefined": false
      },
      {
        "text": " quarts of type ",
        "userDefined": false
      },
      {
        "text": "A negative",
        "meta": "@BloodType",
        "alias": "bloodtype",
        "userDefined": false
      },
      {
        "text": " blood",
        "userDefined": false
      }
    ],
    "isTemplate": false,
    "count": 0,
    "lang": "en",
    "updated": 0
  },
  {
    "id": "54e8262c-defb-4e08-90d4-cc55bb8ad84e",
    "data": [
      {
        "text": "I need ",
        "userDefined": false
      },
      {
        "text": "3",
        "meta": "@sys.number",
        "alias": "number",
        "userDefined": false
      },
      {
        "text": " patients with type ",
        "userDefined": false
      },
      {
        "text": "O",
        "meta": "@BloodType",
        "alias": "bloodtype",
        "userDefined": false
      },
      {
        "text": " blood",
        "userDefined": false
      }
    ],
    "isTemplate": false,
    "count": 0,
    "lang": "en",
    "updated": 0
  }
]